BazhenovNS,A-09,3
BazhenovNS,A-09,3
BazhenovNS,A-09,3
BazhenovNS,A-09,3
BazhenovNS,A-09,4
BazhenovNS,A-09,5
BazhenovNS,A-09,5
BazhenovNS,A-09,5
BondarAS,Ae-21,3
BondarAS,Ae-21,4
BondarAS,Ae-21,4
BondarAS,Ae-21,4
BondarAS,Ae-21,5
BondarAS,Ae-21,5
BondarAS,Ae-21,5
BurmistrovSF,Ae-21,3
BurmistrovSF,Ae-21,3
BurmistrovSF,Ae-21,3
BurmistrovSF,Ae-21,3
BurmistrovSF,Ae-21,4
BurmistrovSF,Ae-21,4
BurmistrovSF,Ae-21,5
BurmistrovSF,Ae-21,5
DavydovaYP,A-09,3
DavydovaYP,A-09,3
DavydovaYP,A-09,3
DavydovaYP,A-09,3
DavydovaYP,A-09,4
DavydovaYP,A-09,4
DavydovaYP,A-09,5
DavydovaYP,A-09,5
DrugovskyaYM,A-09,3
DrugovskyaYM,A-09,3
DrugovskyaYM,A-09,3
DrugovskyaYM,A-09,3
DrugovskyaYM,A-09,4
DrugovskyaYM,A-09,4
DrugovskyaYM,A-09,4
FrolovaMarVl,Ae-21,3
FrolovaMarVl,Ae-21,3
FrolovaMarVl,Ae-21,4
FrolovaMarVl,Ae-21,4
FrolovaMarVl,Ae-21,4
FrolovaMarVl,Ae-21,5
FrolovaMarVl,Ae-21,5
GlebovSY,Ae-21,3
GlebovSY,Ae-21,3
GlebovSY,Ae-21,3
GlebovSY,Ae-21,3
GlebovSY,Ae-21,4
GlebovSY,Ae-21,4
GlebovSY,Ae-21,5
GlebovSY,Ae-21,5
GorbenkoKY,Ae-21,3
GorbenkoKY,Ae-21,4
GorbenkoKY,Ae-21,4
GorbenkoKY,Ae-21,4
GorbenkoKY,Ae-21,4
GorbenkoKY,Ae-21,5
GorbenkoKY,Ae-21,5
GorbenkoKY,Ae-21,5
GroshevAV,A-06,3
GroshevAV,A-06,3
GroshevAV,A-06,3
GroshevAV,A-06,4
GroshevAV,A-06,4
GroshevAV,A-06,4
GroshevAV,A-06,5
GroshevAV,A-06,5
ItskovIS,Ae-21,3
ItskovIS,Ae-21,3
ItskovIS,Ae-21,3
ItskovIS,Ae-21,4
ItskovIS,Ae-21,5
ItskovIS,Ae-21,5
ItskovIS,Ae-21,5
ItskovIS,Ae-21,5
IvashutaYA,A-09,3
IvashutaYA,A-09,3
IvashutaYA,A-09,3
IvashutaYA,A-09,3
IvashutaYA,A-09,5
IvashutaYA,A-09,5
IvashutaYA,A-09,5
IvashutaYA,A-09,5
KalinkinDS,A-06,3
KalinkinDS,A-06,3
KalinkinDS,A-06,4
KalinkinDS,A-06,4
KalinkinDS,A-06,4
KalinkinDS,A-06,4
KalinkinDS,A-06,4
KalinkinYS,A-06,3
KalinkinYS,A-06,3
KalinkinYS,A-06,3
KalinkinYS,A-06,4
KalinkinYS,A-06,4
KalinkinYS,A-06,5
KalinkinYS,A-06,5
KalinkinYS,A-06,5
KaraliusDD,A-09,3
KaraliusDD,A-09,3
KaraliusDD,A-09,4
KaraliusDD,A-09,4
KaraliusDD,A-09,4
KaraliusDD,A-09,5
KaraliusDD,A-09,5
KaraliusDD,A-09,5
KarpovaVG,A-06,3
KarpovaVG,A-06,3
KarpovaVG,A-06,3
KarpovaVG,A-06,4
KarpovaVG,A-06,5
KarpovaVG,A-06,5
KarpovaVG,A-06,5
KarpovaVG,A-06,5
KhizhniakovVlS,A-06,3
KhizhniakovVlS,A-06,3
KhizhniakovVlS,A-06,3
KhizhniakovVlS,A-06,4
KhizhniakovVlS,A-06,4
KhizhniakovVlS,A-06,5
KhokhlovPV,A-06,3
KhokhlovPV,A-06,3
KhokhlovPV,A-06,3
KhokhlovPV,A-06,3
KhokhlovPV,A-06,4
KhokhlovPV,A-06,4
KhokhlovPV,A-06,4
KhokhlovPV,A-06,4
KrasevPS,A-06,3
KrasevPS,A-06,4
KrasevPS,A-06,4
KrasevPS,A-06,4
KrasevPS,A-06,4
KrasevPS,A-06,4
KrasevPS,A-06,5
KrasevPS,A-06,5
LevshchanovB,A-09,3
LevshchanovB,A-09,3
LevshchanovB,A-09,4
LevshchanovB,A-09,4
LevshchanovB,A-09,4
LevshchanovB,A-09,4
LevshchanovB,A-09,4
LevshchanovB,A-09,4
LiaminTA,Ae-21,3
LiaminTA,Ae-21,3
LiaminTA,Ae-21,3
LiaminTA,Ae-21,3
LiaminTA,Ae-21,5
LiaminTA,Ae-21,5
LiaminTA,Ae-21,5
LitvichenkoYD,A-09,3
LitvichenkoYD,A-09,3
LitvichenkoYD,A-09,4
LitvichenkoYD,A-09,5
LitvichenkoYD,A-09,5
LitvichenkoYD,A-09,5
LitvichenkoYD,A-09,5
LopatinAV,A-09,4
LopatinAV,A-09,4
LopatinAV,A-09,4
LopatinAV,A-09,4
LopatinAV,A-09,4
LopatinAV,A-09,5
LopatinAV,A-09,5
MaximovAA,A-06,3
MaximovAA,A-06,3
MaximovAA,A-06,3
MaximovAA,A-06,4
MaximovAA,A-06,4
MaximovAA,A-06,5
MaximovAA,A-06,5
MaximovAA,A-06,5
NaimanAM,A-09,3
NaimanAM,A-09,3
NaimanAM,A-09,5
NaimanAM,A-09,5
NaimanAM,A-09,5
NaimanAM,A-09,5
NaimanAM,A-09,5
NesterovAS,Ae-21,3
NesterovAS,Ae-21,3
NesterovAS,Ae-21,3
NesterovAS,Ae-21,4
NesterovAS,Ae-21,4
NesterovAS,Ae-21,4
NesterovAS,Ae-21,4
NesterovAS,Ae-21,5
NesterovVD,A-09,3
NesterovVD,A-09,3
NesterovVD,A-09,4
NesterovVD,A-09,4
NesterovVD,A-09,4
NesterovVD,A-09,4
NesterovVD,A-09,4
NesterovVD,A-09,5
NikonovII,A-09,3
NikonovII,A-09,3
NikonovII,A-09,3
NikonovII,A-09,4
NikonovII,A-09,4
NikonovII,A-09,4
NikonovII,A-09,5
NikonovII,A-09,5
OsichenkoNA,A-06,3
OsichenkoNA,A-06,3
OsichenkoNA,A-06,4
OsichenkoNA,A-06,4
OsichenkoNA,A-06,4
OsichenkoNA,A-06,4
OsichenkoNA,A-06,4
OsichenkoNA,A-06,5
PershakovSA,Ae-21,3
PershakovSA,Ae-21,3
PershakovSA,Ae-21,3
PershakovSA,Ae-21,3
PershakovSA,Ae-21,4
PershakovSA,Ae-21,4
PershakovSA,Ae-21,4
PershakovSA,Ae-21,5
RodnovDA,A-06,3
RodnovDA,A-06,3
RodnovDA,A-06,3
RodnovDA,A-06,3
RodnovDA,A-06,4
RodnovDA,A-06,4
RodnovDA,A-06,4
RodnovDA,A-06,4
SaponGM,A-06,3
SaponGM,A-06,3
SaponGM,A-06,3
SaponGM,A-06,3
SaponGM,A-06,5
SaponGM,A-06,5
SaponGM,A-06,5
SaponGM,A-06,5
SharapovMN,A-09,3
SharapovMN,A-09,3
SharapovMN,A-09,3
SharapovMN,A-09,3
SharapovMN,A-09,3
SharapovMN,A-09,4
SharapovMN,A-09,5
SharapovMN,A-09,5
SimonovAR,Ae-21,3
SimonovAR,Ae-21,3
SimonovAR,Ae-21,3
SimonovAR,Ae-21,3
SimonovAR,Ae-21,5
SimonovAR,Ae-21,5
SudbininNA,Ae-21,3
SudbininNA,Ae-21,3
SudbininNA,Ae-21,3
SudbininNA,Ae-21,4
SudbininNA,Ae-21,5
SudbininNA,Ae-21,5
TagirovSS,A-06,3
TagirovSS,A-06,3
TagirovSS,A-06,4
TagirovSS,A-06,4
TagirovSS,A-06,5
TagirovSS,A-06,5
TagirovSS,A-06,5
TikhonovVK,A-09,3
TikhonovVK,A-09,3
TikhonovVK,A-09,3
TikhonovVK,A-09,4
TikhonovVK,A-09,4
TikhonovVK,A-09,4
TikhonovVK,A-09,5
TikhonovVK,A-09,5
UsovPA,A-06,3
UsovPA,A-06,3
UsovPA,A-06,5
UsovPA,A-06,5
UsovPA,A-06,5
UsovPA,A-06,5
UsovPA,A-06,5
UsovPA,A-06,5
YurkovaSM,A-09,3
YurkovaSM,A-09,3
YurkovaSM,A-09,4
YurkovaSM,A-09,4
YurkovaSM,A-09,4
YurkovaSM,A-09,4
YurkovaSM,A-09,5
YurkovaSM,A-09,5
ZhigulinKY,Ae-21,3
ZhigulinKY,Ae-21,3
ZhigulinKY,Ae-21,5
ZhigulinKY,Ae-21,5
ZhigulinKY,Ae-21,5
ZhigulinKY,Ae-21,5
ZhigulinKY,Ae-21,5
3 count (2024-2026): 317
